<?xml version="1.0" encoding="UTF-8"?>
<project-private xmlns="http://www.netbeans.org/ns/project-private/1">
    <editor-bookmarks xmlns="http://www.netbeans.org/ns/editor-bookmarks/2" lastBookmarkId="0"/>
    <open-files xmlns="http://www.netbeans.org/ns/projectui-open-files/2">
        <group>
            <file>file:/C:/Users/Benedito%20Rodrigo/Downloads/5º%20PERÍODO/POO%20II/BancoPOOII/src/Menu/MenuCliente.java</file>
            <file>file:/C:/Users/Benedito%20Rodrigo/Downloads/5º%20PERÍODO/POO%20II/BancoPOOII/src/Operacoes/Operacoes.java</file>
            <file>file:/C:/Users/Benedito%20Rodrigo/Downloads/5º%20PERÍODO/POO%20II/BancoPOOII/src/Operacoes/ContaTran.java</file>
            <file>file:/C:/Users/Benedito%20Rodrigo/Downloads/5º%20PERÍODO/POO%20II/BancoPOOII/src/Gerente/Gerente.java</file>
            <file>file:/C:/Users/Benedito%20Rodrigo/Downloads/5º%20PERÍODO/POO%20II/BancoPOOII/src/Cliente/Cliente.java</file>
            <file>file:/C:/Users/Benedito%20Rodrigo/Downloads/5º%20PERÍODO/POO%20II/BancoPOOII/src/Menu/MenuPrin.java</file>
            <file>file:/C:/Users/Benedito%20Rodrigo/Downloads/5º%20PERÍODO/POO%20II/BancoPOOII/src/Operacoes/Transferir.java</file>
            <file>file:/C:/Users/Benedito%20Rodrigo/Downloads/5º%20PERÍODO/POO%20II/BancoPOOII/src/Cliente/ClientCadastro.java</file>
        </group>
    </open-files>
</project-private>
